user,topic,tick
9,topic,0
21,topic,0
24,topic,0
26,topic,0
35,topic,0
39,topic,0
50,topic,0
51,topic,0
73,topic,0
75,topic,0
99,topic,0
26,topic,1
27,topic,1
34,topic,1
46,topic,1
52,topic,1
58,topic,1
75,topic,1
84,topic,1
88,topic,1
91,topic,1
95,topic,1
3,topic,2
14,topic,2
24,topic,2
28,topic,2
36,topic,2
44,topic,2
50,topic,2
61,topic,2
71,topic,2
84,topic,2
0,topic,3
1,topic,3
4,topic,3
32,topic,3
50,topic,3
59,topic,3
81,topic,3
84,topic,3
88,topic,3
2,topic,4
6,topic,4
14,topic,4
16,topic,4
23,topic,4
31,topic,4
48,topic,4
50,topic,4
68,topic,4
75,topic,4
79,topic,4
86,topic,4
92,topic,4
93,topic,4
99,topic,4
22,topic,5
33,topic,5
45,topic,5
48,topic,5
70,topic,5
81,topic,5
0,topic,6
1,topic,6
6,topic,6
31,topic,6
55,topic,6
76,topic,6
13,topic,7
18,topic,7
48,topic,7
49,topic,7
52,topic,7
54,topic,7
56,topic,7
84,topic,7
98,topic,7
1,topic,8
6,topic,8
8,topic,8
14,topic,8
28,topic,8
32,topic,8
53,topic,8
55,topic,8
71,topic,8
94,topic,8
95,topic,8
97,topic,8
6,topic,9
18,topic,9
38,topic,9
40,topic,9
64,topic,9
88,topic,9
94,topic,9
96,topic,9
3,topic,10
32,topic,10
33,topic,10
49,topic,10
55,topic,10
81,topic,10
4,topic,11
31,topic,11
34,topic,11
36,topic,11
46,topic,11
50,topic,11
4,topic,12
5,topic,12
7,topic,12
35,topic,12
43,topic,12
51,topic,12
75,topic,12
97,topic,12
1,topic,13
7,topic,13
15,topic,13
18,topic,13
38,topic,13
49,topic,13
58,topic,13
65,topic,13
70,topic,13
76,topic,13
89,topic,13
93,topic,13
97,topic,13
99,topic,13
8,topic,14
11,topic,14
18,topic,14
38,topic,14
46,topic,14
50,topic,14
52,topic,14
55,topic,14
57,topic,14
19,topic,15
21,topic,15
26,topic,15
30,topic,15
37,topic,15
39,topic,15
41,topic,15
46,topic,15
50,topic,15
54,topic,15
59,topic,15
63,topic,15
69,topic,15
71,topic,15
90,topic,15
97,topic,15
15,topic,16
34,topic,16
53,topic,16
61,topic,16
71,topic,16
75,topic,16
92,topic,16
2,topic,17
25,topic,17
27,topic,17
28,topic,17
32,topic,17
42,topic,17
47,topic,17
53,topic,17
74,topic,17
83,topic,17
21,topic,18
30,topic,18
36,topic,18
54,topic,18
61,topic,18
84,topic,18
91,topic,18
5,topic,19
7,topic,19
12,topic,19
21,topic,19
22,topic,19
24,topic,19
28,topic,19
30,topic,19
35,topic,19
46,topic,19
65,topic,19
66,topic,19
77,topic,19
96,topic,19
9,topic,20
19,topic,20
21,topic,20
35,topic,20
40,topic,20
46,topic,20
50,topic,20
52,topic,20
69,topic,20
75,topic,20
84,topic,20
90,topic,20
98,topic,20
16,topic,21
18,topic,21
38,topic,21
46,topic,21
60,topic,21
66,topic,21
68,topic,21
69,topic,21
82,topic,21
88,topic,21
99,topic,21
9,topic,22
14,topic,22
20,topic,22
22,topic,22
25,topic,22
30,topic,22
34,topic,22
36,topic,22
49,topic,22
50,topic,22
54,topic,22
55,topic,22
56,topic,22
59,topic,22
82,topic,22
94,topic,22
16,topic,23
24,topic,23
32,topic,23
33,topic,23
40,topic,23
56,topic,23
60,topic,23
68,topic,23
70,topic,23
79,topic,23
92,topic,23
95,topic,23
6,topic,24
26,topic,24
32,topic,24
45,topic,24
59,topic,24
61,topic,24
82,topic,24
84,topic,24
88,topic,24
92,topic,24
99,topic,24
1,topic,25
6,topic,25
7,topic,25
23,topic,25
30,topic,25
31,topic,25
42,topic,25
45,topic,25
56,topic,25
59,topic,25
82,topic,25
83,topic,25
97,topic,25
0,topic,26
3,topic,26
12,topic,26
44,topic,26
55,topic,26
59,topic,26
2,topic,27
23,topic,27
27,topic,27
92,topic,27
96,topic,27
97,topic,27
1,topic,28
4,topic,28
19,topic,28
50,topic,28
53,topic,28
80,topic,28
93,topic,28
2,topic,29
13,topic,29
24,topic,29
44,topic,29
50,topic,29
54,topic,29
76,topic,29
87,topic,29
90,topic,29
99,topic,29
36,topic,30
37,topic,30
55,topic,30
59,topic,30
66,topic,30
68,topic,30
78,topic,30
81,topic,30
82,topic,30
86,topic,30
96,topic,30
98,topic,30
1,topic,31
2,topic,31
18,topic,31
33,topic,31
40,topic,31
48,topic,31
78,topic,31
91,topic,31
96,topic,31
10,topic,32
23,topic,32
42,topic,32
50,topic,32
62,topic,32
63,topic,32
65,topic,32
75,topic,32
77,topic,32
85,topic,32
92,topic,32
93,topic,32
28,topic,33
38,topic,33
48,topic,33
57,topic,33
60,topic,33
68,topic,33
82,topic,33
0,topic,34
1,topic,34
27,topic,34
40,topic,34
69,topic,34
92,topic,34
98,topic,34
0,topic,35
8,topic,35
14,topic,35
15,topic,35
28,topic,35
29,topic,35
33,topic,35
50,topic,35
56,topic,35
76,topic,35
80,topic,35
82,topic,35
85,topic,35
3,topic,36
4,topic,36
14,topic,36
31,topic,36
38,topic,36
50,topic,36
57,topic,36
72,topic,36
88,topic,36
24,topic,37
30,topic,37
53,topic,37
55,topic,37
56,topic,37
62,topic,37
63,topic,37
73,topic,37
77,topic,37
85,topic,37
98,topic,37
15,topic,38
20,topic,38
55,topic,38
59,topic,38
70,topic,38
72,topic,38
73,topic,38
79,topic,38
88,topic,38
20,topic,39
21,topic,39
35,topic,39
37,topic,39
38,topic,39
44,topic,39
45,topic,39
54,topic,39
68,topic,39
13,topic,40
22,topic,40
65,topic,40
66,topic,40
84,topic,40
93,topic,40
25,topic,41
31,topic,41
40,topic,41
50,topic,41
54,topic,41
55,topic,41
57,topic,41
77,topic,41
81,topic,41
93,topic,41
6,topic,42
8,topic,42
9,topic,42
22,topic,42
32,topic,42
42,topic,42
53,topic,42
65,topic,42
69,topic,42
89,topic,42
32,topic,43
64,topic,43
75,topic,43
81,topic,43
84,topic,43
96,topic,43
22,topic,44
26,topic,44
45,topic,44
49,topic,44
53,topic,44
57,topic,44
16,topic,45
20,topic,45
21,topic,45
34,topic,45
38,topic,45
62,topic,45
64,topic,45
70,topic,45
76,topic,45
85,topic,45
16,topic,46
18,topic,46
19,topic,46
30,topic,46
42,topic,46
43,topic,46
50,topic,46
93,topic,46
10,topic,47
24,topic,47
28,topic,47
34,topic,47
42,topic,47
44,topic,47
45,topic,47
69,topic,47
85,topic,47
91,topic,47
97,topic,47
98,topic,47
7,topic,48
32,topic,48
51,topic,48
64,topic,48
67,topic,48
85,topic,48
94,topic,48
5,topic,49
10,topic,49
12,topic,49
26,topic,49
35,topic,49
39,topic,49
41,topic,49
47,topic,49
51,topic,49
53,topic,49
60,topic,49
71,topic,49
81,topic,49
91,topic,49
97,topic,49
4,topic,50
5,topic,50
43,topic,50
56,topic,50
60,topic,50
62,topic,50
65,topic,50
81,topic,50
10,topic,51
18,topic,51
20,topic,51
21,topic,51
30,topic,51
40,topic,51
70,topic,51
73,topic,51
74,topic,51
97,topic,51
3,topic,52
10,topic,52
15,topic,52
16,topic,52
19,topic,52
37,topic,52
46,topic,52
51,topic,52
52,topic,52
60,topic,52
66,topic,52
77,topic,52
15,topic,53
19,topic,53
30,topic,53
33,topic,53
37,topic,53
54,topic,53
78,topic,53
83,topic,53
91,topic,53
0,topic,54
6,topic,54
18,topic,54
24,topic,54
36,topic,54
58,topic,54
62,topic,54
63,topic,54
85,topic,54
92,topic,54
94,topic,54
0,topic,55
4,topic,55
5,topic,55
17,topic,55
25,topic,55
33,topic,55
40,topic,55
60,topic,55
64,topic,55
75,topic,55
92,topic,55
94,topic,55
8,topic,56
21,topic,56
22,topic,56
26,topic,56
36,topic,56
43,topic,56
47,topic,56
48,topic,56
49,topic,56
51,topic,56
57,topic,56
70,topic,56
71,topic,56
72,topic,56
84,topic,56
90,topic,56
93,topic,56
97,topic,56
99,topic,56
0,topic,57
2,topic,57
13,topic,57
14,topic,57
17,topic,57
18,topic,57
27,topic,57
40,topic,57
47,topic,57
57,topic,57
65,topic,57
67,topic,57
75,topic,57
76,topic,57
80,topic,57
18,topic,58
20,topic,58
23,topic,58
32,topic,58
43,topic,58
47,topic,58
48,topic,58
58,topic,58
81,topic,58
88,topic,58
89,topic,58
99,topic,58
2,topic,59
9,topic,59
15,topic,59
16,topic,59
18,topic,59
44,topic,59
49,topic,59
58,topic,59
60,topic,59
62,topic,59
79,topic,59
2,topic,60
30,topic,60
32,topic,60
71,topic,60
86,topic,60
93,topic,60
99,topic,60
0,topic,61
61,topic,61
65,topic,61
75,topic,61
77,topic,61
78,topic,61
91,topic,61
97,topic,61
5,topic,62
66,topic,62
67,topic,62
77,topic,62
84,topic,62
93,topic,62
97,topic,62
5,topic,63
13,topic,63
14,topic,63
24,topic,63
39,topic,63
51,topic,63
64,topic,63
67,topic,63
88,topic,63
89,topic,63
5,topic,64
7,topic,64
8,topic,64
14,topic,64
15,topic,64
35,topic,64
49,topic,64
53,topic,64
59,topic,64
95,topic,64
6,topic,65
12,topic,65
19,topic,65
36,topic,65
41,topic,65
99,topic,65
5,topic,66
21,topic,66
31,topic,66
34,topic,66
43,topic,66
49,topic,66
52,topic,66
72,topic,66
77,topic,66
86,topic,66
91,topic,66
97,topic,66
3,topic,67
8,topic,67
23,topic,67
30,topic,67
41,topic,67
42,topic,67
50,topic,67
54,topic,67
59,topic,67
60,topic,67
62,topic,67
94,topic,67
98,topic,67
9,topic,68
13,topic,68
58,topic,68
62,topic,68
89,topic,68
92,topic,68
95,topic,68
19,topic,69
28,topic,69
66,topic,69
70,topic,69
73,topic,69
78,topic,69
95,topic,69
9,topic,70
10,topic,70
13,topic,70
22,topic,70
23,topic,70
24,topic,70
50,topic,70
53,topic,70
57,topic,70
60,topic,70
66,topic,70
75,topic,70
91,topic,70
95,topic,70
0,topic,71
10,topic,71
41,topic,71
62,topic,71
63,topic,71
91,topic,71
99,topic,71
3,topic,72
10,topic,72
27,topic,72
30,topic,72
36,topic,72
43,topic,72
57,topic,72
74,topic,72
91,topic,72
94,topic,72
3,topic,73
4,topic,73
5,topic,73
8,topic,73
20,topic,73
31,topic,73
44,topic,73
48,topic,73
49,topic,73
65,topic,73
67,topic,73
79,topic,73
30,topic,74
42,topic,74
64,topic,74
66,topic,74
87,topic,74
7,topic,75
8,topic,75
12,topic,75
29,topic,75
35,topic,75
36,topic,75
40,topic,75
50,topic,75
53,topic,75
55,topic,75
58,topic,75
68,topic,75
86,topic,75
13,topic,76
30,topic,76
33,topic,76
42,topic,76
65,topic,76
74,topic,76
79,topic,76
83,topic,76
84,topic,76
3,topic,77
8,topic,77
52,topic,77
59,topic,77
60,topic,77
62,topic,77
70,topic,77
81,topic,77
85,topic,77
95,topic,77
98,topic,77
2,topic,78
7,topic,78
14,topic,78
16,topic,78
18,topic,78
36,topic,78
40,topic,78
43,topic,78
51,topic,78
59,topic,78
74,topic,78
78,topic,78
25,topic,79
45,topic,79
51,topic,79
52,topic,79
61,topic,79
64,topic,79
68,topic,79
95,topic,79
4,topic,80
8,topic,80
10,topic,80
15,topic,80
18,topic,80
19,topic,80
34,topic,80
67,topic,80
75,topic,80
29,topic,81
31,topic,81
50,topic,81
61,topic,81
65,topic,81
75,topic,81
92,topic,81
4,topic,82
6,topic,82
31,topic,82
32,topic,82
41,topic,82
43,topic,82
57,topic,82
63,topic,82
8,topic,83
27,topic,83
42,topic,83
49,topic,83
56,topic,83
59,topic,83
66,topic,83
67,topic,83
74,topic,83
82,topic,83
84,topic,83
8,topic,84
23,topic,84
24,topic,84
25,topic,84
26,topic,84
34,topic,84
53,topic,84
55,topic,84
66,topic,84
83,topic,84
85,topic,84
20,topic,85
28,topic,85
30,topic,85
41,topic,85
43,topic,85
44,topic,85
48,topic,85
52,topic,85
55,topic,85
67,topic,85
68,topic,85
69,topic,85
89,topic,85
92,topic,85
15,topic,86
45,topic,86
46,topic,86
49,topic,86
57,topic,86
73,topic,86
96,topic,86
2,topic,87
9,topic,87
34,topic,87
38,topic,87
41,topic,87
43,topic,87
73,topic,87
91,topic,87
5,topic,88
12,topic,88
13,topic,88
16,topic,88
35,topic,88
44,topic,88
80,topic,88
91,topic,88
94,topic,88
9,topic,89
17,topic,89
26,topic,89
30,topic,89
31,topic,89
50,topic,89
71,topic,89
76,topic,89
84,topic,89
19,topic,90
22,topic,90
28,topic,90
56,topic,90
66,topic,90
0,topic,91
3,topic,91
18,topic,91
59,topic,91
77,topic,91
91,topic,91
96,topic,91
1,topic,92
26,topic,92
33,topic,92
49,topic,92
53,topic,92
54,topic,92
64,topic,92
77,topic,92
86,topic,92
89,topic,92
95,topic,92
4,topic,93
17,topic,93
25,topic,93
38,topic,93
40,topic,93
44,topic,93
50,topic,93
59,topic,93
70,topic,93
73,topic,93
76,topic,93
82,topic,93
83,topic,93
97,topic,93
39,topic,94
48,topic,94
51,topic,94
57,topic,94
72,topic,94
2,topic,95
6,topic,95
8,topic,95
20,topic,95
27,topic,95
40,topic,95
47,topic,95
48,topic,95
49,topic,95
68,topic,95
82,topic,95
99,topic,95
24,topic,96
40,topic,96
45,topic,96
54,topic,96
66,topic,96
72,topic,96
78,topic,96
84,topic,96
88,topic,96
98,topic,96
2,topic,97
11,topic,97
14,topic,97
41,topic,97
42,topic,97
49,topic,97
52,topic,97
69,topic,97
86,topic,97
90,topic,97
11,topic,98
20,topic,98
29,topic,98
34,topic,98
41,topic,98
53,topic,98
66,topic,98
78,topic,98
97,topic,98
98,topic,98
3,topic,99
10,topic,99
26,topic,99
73,topic,99
41,topic,100
47,topic,100
49,topic,100
52,topic,100
68,topic,100
88,topic,100
97,topic,100
7,topic,101
20,topic,101
51,topic,101
73,topic,101
77,topic,101
83,topic,101
89,topic,101
97,topic,101
12,topic,102
17,topic,102
19,topic,102
29,topic,102
34,topic,102
35,topic,102
55,topic,102
87,topic,102
92,topic,102
1,topic,103
5,topic,103
24,topic,103
31,topic,103
38,topic,103
39,topic,103
44,topic,103
56,topic,103
67,topic,103
70,topic,103
98,topic,103
1,topic,104
9,topic,104
12,topic,104
13,topic,104
15,topic,104
16,topic,104
28,topic,104
33,topic,104
34,topic,104
64,topic,104
87,topic,104
96,topic,104
97,topic,104
6,topic,105
14,topic,105
28,topic,105
39,topic,105
44,topic,105
46,topic,105
48,topic,105
62,topic,105
66,topic,105
75,topic,105
86,topic,105
87,topic,105
3,topic,106
33,topic,106
47,topic,106
58,topic,106
59,topic,106
66,topic,106
79,topic,106
80,topic,106
90,topic,106
6,topic,107
8,topic,107
31,topic,107
43,topic,107
60,topic,107
68,topic,107
81,topic,107
89,topic,107
18,topic,108
21,topic,108
37,topic,108
40,topic,108
47,topic,108
72,topic,108
77,topic,108
12,topic,109
24,topic,109
26,topic,109
67,topic,109
72,topic,109
77,topic,109
87,topic,109
98,topic,109
2,topic,110
12,topic,110
18,topic,110
22,topic,110
25,topic,110
27,topic,110
15,topic,111
17,topic,111
30,topic,111
34,topic,111
40,topic,111
52,topic,111
70,topic,111
78,topic,111
89,topic,111
93,topic,111
1,topic,112
3,topic,112
16,topic,112
17,topic,112
19,topic,112
23,topic,112
33,topic,112
34,topic,112
60,topic,112
71,topic,112
72,topic,112
80,topic,112
91,topic,112
92,topic,112
0,topic,113
8,topic,113
36,topic,113
57,topic,113
61,topic,113
66,topic,113
68,topic,113
70,topic,113
81,topic,113
11,topic,114
15,topic,114
38,topic,114
44,topic,114
56,topic,114
59,topic,114
65,topic,114
70,topic,114
90,topic,114
3,topic,115
33,topic,115
53,topic,115
60,topic,115
73,topic,115
13,topic,116
26,topic,116
34,topic,116
41,topic,116
58,topic,116
61,topic,116
66,topic,116
69,topic,116
88,topic,116
93,topic,116
5,topic,117
9,topic,117
27,topic,117
37,topic,117
51,topic,117
55,topic,117
57,topic,117
61,topic,117
64,topic,117
70,topic,117
82,topic,117
84,topic,117
94,topic,117
95,topic,117
97,topic,117
20,topic,118
21,topic,118
59,topic,118
82,topic,118
86,topic,118
90,topic,118
99,topic,118
1,topic,119
12,topic,119
20,topic,119
21,topic,119
27,topic,119
43,topic,119
45,topic,119
61,topic,119
65,topic,119
77,topic,119
88,topic,119
89,topic,119
90,topic,119
6,topic,120
19,topic,120
40,topic,120
57,topic,120
72,topic,120
74,topic,120
3,topic,121
7,topic,121
10,topic,121
12,topic,121
17,topic,121
22,topic,121
32,topic,121
37,topic,121
61,topic,121
68,topic,121
72,topic,121
76,topic,121
85,topic,121
94,topic,121
10,topic,122
14,topic,122
15,topic,122
16,topic,122
21,topic,122
29,topic,122
34,topic,122
48,topic,122
53,topic,122
55,topic,122
81,topic,122
83,topic,122
57,topic,123
65,topic,123
72,topic,123
74,topic,123
75,topic,123
82,topic,123
92,topic,123
98,topic,123
11,topic,124
38,topic,124
43,topic,124
52,topic,124
64,topic,124
75,topic,124
79,topic,124
81,topic,124
87,topic,124
25,topic,125
63,topic,125
80,topic,125
88,topic,125
8,topic,126
19,topic,126
36,topic,126
50,topic,126
55,topic,126
58,topic,126
72,topic,126
76,topic,126
89,topic,126
30,topic,127
33,topic,127
41,topic,127
44,topic,127
47,topic,127
48,topic,127
61,topic,127
63,topic,127
85,topic,127
92,topic,127
8,topic,128
11,topic,128
37,topic,128
48,topic,128
65,topic,128
75,topic,128
77,topic,128
89,topic,128
7,topic,129
11,topic,129
26,topic,129
50,topic,129
5,topic,130
6,topic,130
7,topic,130
10,topic,130
16,topic,130
37,topic,130
48,topic,130
55,topic,130
73,topic,130
18,topic,131
32,topic,131
37,topic,131
38,topic,131
42,topic,131
46,topic,131
56,topic,131
79,topic,131
83,topic,131
86,topic,131
1,topic,132
14,topic,132
37,topic,132
41,topic,132
42,topic,132
43,topic,132
44,topic,132
52,topic,132
56,topic,132
68,topic,132
80,topic,132
87,topic,132
3,topic,133
7,topic,133
22,topic,133
23,topic,133
26,topic,133
57,topic,133
66,topic,133
84,topic,133
90,topic,133
93,topic,133
97,topic,133
98,topic,133
0,topic,134
12,topic,134
22,topic,134
27,topic,134
50,topic,134
51,topic,134
64,topic,134
74,topic,134
80,topic,134
87,topic,134
90,topic,134
2,topic,135
8,topic,135
10,topic,135
21,topic,135
33,topic,135
47,topic,135
53,topic,135
59,topic,135
60,topic,135
71,topic,135
77,topic,135
80,topic,135
81,topic,135
17,topic,136
20,topic,136
27,topic,136
33,topic,136
38,topic,136
50,topic,136
66,topic,136
67,topic,136
75,topic,136
78,topic,136
94,topic,136
2,topic,137
8,topic,137
14,topic,137
32,topic,137
33,topic,137
37,topic,137
43,topic,137
60,topic,137
91,topic,137
4,topic,138
15,topic,138
27,topic,138
38,topic,138
47,topic,138
49,topic,138
52,topic,138
57,topic,138
62,topic,138
66,topic,138
70,topic,138
87,topic,138
34,topic,139
37,topic,139
43,topic,139
47,topic,139
55,topic,139
57,topic,139
64,topic,139
69,topic,139
74,topic,139
86,topic,139
96,topic,139
98,topic,139
9,topic,140
19,topic,140
28,topic,140
35,topic,140
71,topic,140
77,topic,140
82,topic,140
89,topic,140
92,topic,140
99,topic,140
6,topic,141
13,topic,141
15,topic,141
22,topic,141
31,topic,141
44,topic,141
65,topic,141
72,topic,141
95,topic,141
0,topic,142
15,topic,142
44,topic,142
48,topic,142
56,topic,142
62,topic,142
63,topic,142
66,topic,142
70,topic,142
78,topic,142
86,topic,142
90,topic,142
92,topic,142
3,topic,143
8,topic,143
13,topic,143
14,topic,143
22,topic,143
25,topic,143
33,topic,143
56,topic,143
69,topic,143
82,topic,143
90,topic,143
99,topic,143
10,topic,144
23,topic,144
36,topic,144
53,topic,144
54,topic,144
60,topic,144
84,topic,144
91,topic,144
92,topic,144
96,topic,144
6,topic,145
14,topic,145
30,topic,145
42,topic,145
53,topic,145
62,topic,145
70,topic,145
71,topic,145
76,topic,145
82,topic,145
2,topic,146
7,topic,146
16,topic,146
17,topic,146
21,topic,146
38,topic,146
49,topic,146
53,topic,146
54,topic,146
66,topic,146
99,topic,146
0,topic,147
4,topic,147
21,topic,147
23,topic,147
35,topic,147
38,topic,147
42,topic,147
51,topic,147
57,topic,147
79,topic,147
6,topic,148
11,topic,148
25,topic,148
27,topic,148
32,topic,148
72,topic,148
95,topic,148
96,topic,148
16,topic,149
17,topic,149
20,topic,149
42,topic,149
44,topic,149
67,topic,149
80,topic,149
86,topic,149
90,topic,149
94,topic,149
19,topic,150
21,topic,150
25,topic,150
73,topic,150
77,topic,150
90,topic,150
10,topic,151
12,topic,151
16,topic,151
37,topic,151
43,topic,151
50,topic,151
69,topic,151
95,topic,151
99,topic,151
1,topic,152
26,topic,152
32,topic,152
35,topic,152
36,topic,152
40,topic,152
44,topic,152
56,topic,152
73,topic,152
77,topic,152
80,topic,152
84,topic,152
88,topic,152
17,topic,153
21,topic,153
27,topic,153
32,topic,153
37,topic,153
38,topic,153
68,topic,153
74,topic,153
78,topic,153
82,topic,153
83,topic,153
95,topic,153
99,topic,153
2,topic,154
5,topic,154
12,topic,154
25,topic,154
33,topic,154
44,topic,154
45,topic,154
56,topic,154
66,topic,154
69,topic,154
71,topic,154
75,topic,154
16,topic,155
23,topic,155
38,topic,155
41,topic,155
68,topic,155
88,topic,155
98,topic,155
10,topic,156
25,topic,156
46,topic,156
64,topic,156
69,topic,156
72,topic,156
12,topic,157
18,topic,157
22,topic,157
30,topic,157
34,topic,157
63,topic,157
64,topic,157
73,topic,157
75,topic,157
86,topic,157
89,topic,157
93,topic,157
94,topic,157
96,topic,157
6,topic,158
7,topic,158
8,topic,158
9,topic,158
17,topic,158
27,topic,158
37,topic,158
44,topic,158
66,topic,158
70,topic,158
78,topic,158
82,topic,158
97,topic,158
2,topic,159
39,topic,159
56,topic,159
79,topic,159
94,topic,159
3,topic,160
32,topic,160
40,topic,160
41,topic,160
44,topic,160
50,topic,160
52,topic,160
61,topic,160
62,topic,160
68,topic,160
84,topic,160
5,topic,161
11,topic,161
47,topic,161
53,topic,161
80,topic,161
91,topic,161
92,topic,161
13,topic,162
20,topic,162
22,topic,162
40,topic,162
45,topic,162
51,topic,162
56,topic,162
57,topic,162
70,topic,162
81,topic,162
93,topic,162
9,topic,163
15,topic,163
64,topic,163
72,topic,163
77,topic,163
84,topic,163
9,topic,164
10,topic,164
13,topic,164
33,topic,164
34,topic,164
37,topic,164
47,topic,164
51,topic,164
56,topic,164
61,topic,164
67,topic,164
13,topic,165
23,topic,165
31,topic,165
40,topic,165
49,topic,165
51,topic,165
52,topic,165
54,topic,165
56,topic,165
57,topic,165
72,topic,165
78,topic,165
87,topic,165
89,topic,165
94,topic,165
6,topic,166
7,topic,166
14,topic,166
26,topic,166
29,topic,166
32,topic,166
35,topic,166
43,topic,166
45,topic,166
54,topic,166
69,topic,166
88,topic,166
90,topic,166
94,topic,166
12,topic,167
22,topic,167
24,topic,167
46,topic,167
55,topic,167
57,topic,167
70,topic,167
71,topic,167
72,topic,167
90,topic,167
96,topic,167
2,topic,168
16,topic,168
28,topic,168
32,topic,168
40,topic,168
48,topic,168
52,topic,168
53,topic,168
56,topic,168
61,topic,168
64,topic,168
65,topic,168
71,topic,168
87,topic,168
96,topic,168
47,topic,169
48,topic,169
52,topic,169
55,topic,169
60,topic,169
61,topic,169
64,topic,169
69,topic,169
80,topic,169
13,topic,170
31,topic,170
56,topic,170
58,topic,170
62,topic,170
71,topic,170
90,topic,170
92,topic,170
98,topic,170
99,topic,170
22,topic,171
26,topic,171
35,topic,171
61,topic,171
62,topic,171
63,topic,171
73,topic,171
88,topic,171
1,topic,172
20,topic,172
24,topic,172
37,topic,172
38,topic,172
77,topic,172
79,topic,172
11,topic,173
12,topic,173
47,topic,173
48,topic,173
65,topic,173
0,topic,174
3,topic,174
23,topic,174
24,topic,174
36,topic,174
45,topic,174
52,topic,174
60,topic,174
71,topic,174
76,topic,174
79,topic,174
85,topic,174
87,topic,174
33,topic,175
37,topic,175
39,topic,175
44,topic,175
56,topic,175
64,topic,175
80,topic,175
86,topic,175
5,topic,176
6,topic,176
14,topic,176
29,topic,176
40,topic,176
49,topic,176
58,topic,176
65,topic,176
67,topic,176
68,topic,176
79,topic,176
8,topic,177
11,topic,177
23,topic,177
37,topic,177
46,topic,177
55,topic,177
59,topic,177
11,topic,178
17,topic,178
35,topic,178
58,topic,178
72,topic,178
83,topic,178
19,topic,179
41,topic,179
57,topic,179
62,topic,179
66,topic,179
8,topic,180
18,topic,180
29,topic,180
38,topic,180
44,topic,180
46,topic,180
51,topic,180
72,topic,180
86,topic,180
95,topic,180
7,topic,181
17,topic,181
21,topic,181
71,topic,181
85,topic,181
3,topic,182
10,topic,182
15,topic,182
18,topic,182
19,topic,182
25,topic,182
45,topic,182
48,topic,182
55,topic,182
86,topic,182
98,topic,182
0,topic,183
7,topic,183
8,topic,183
22,topic,183
23,topic,183
52,topic,183
68,topic,183
70,topic,183
75,topic,183
76,topic,183
82,topic,183
86,topic,183
96,topic,183
8,topic,184
16,topic,184
18,topic,184
39,topic,184
40,topic,184
46,topic,184
48,topic,184
65,topic,184
86,topic,184
94,topic,184
47,topic,185
62,topic,185
66,topic,185
74,topic,185
78,topic,185
88,topic,185
91,topic,185
6,topic,186
7,topic,186
42,topic,186
44,topic,186
45,topic,186
50,topic,186
58,topic,186
59,topic,186
70,topic,186
77,topic,186
79,topic,186
90,topic,186
97,topic,186
17,topic,187
18,topic,187
28,topic,187
42,topic,187
58,topic,187
63,topic,187
73,topic,187
77,topic,187
80,topic,187
81,topic,187
5,topic,188
18,topic,188
37,topic,188
50,topic,188
54,topic,188
57,topic,188
59,topic,188
77,topic,188
4,topic,189
16,topic,189
17,topic,189
21,topic,189
30,topic,189
47,topic,189
50,topic,189
62,topic,189
72,topic,189
79,topic,189
82,topic,189
85,topic,189
88,topic,189
92,topic,189
22,topic,190
29,topic,190
50,topic,190
53,topic,190
55,topic,190
83,topic,190
85,topic,190
86,topic,190
94,topic,190
95,topic,190
96,topic,190
99,topic,190
6,topic,191
8,topic,191
19,topic,191
31,topic,191
34,topic,191
47,topic,191
49,topic,191
50,topic,191
51,topic,191
57,topic,191
69,topic,191
70,topic,191
73,topic,191
24,topic,192
36,topic,192
68,topic,192
74,topic,192
89,topic,192
25,topic,193
31,topic,193
6,topic,194
19,topic,194
34,topic,194
46,topic,194
48,topic,194
64,topic,194
88,topic,194
7,topic,195
8,topic,195
11,topic,195
22,topic,195
30,topic,195
32,topic,195
52,topic,195
56,topic,195
62,topic,195
73,topic,195
86,topic,195
98,topic,195
20,topic,196
21,topic,196
25,topic,196
39,topic,196
40,topic,196
45,topic,196
54,topic,196
60,topic,196
61,topic,196
75,topic,196
92,topic,196
95,topic,196
1,topic,197
3,topic,197
8,topic,197
16,topic,197
18,topic,197
37,topic,197
76,topic,197
78,topic,197
91,topic,197
2,topic,198
17,topic,198
20,topic,198
22,topic,198
25,topic,198
33,topic,198
34,topic,198
62,topic,198
67,topic,198
79,topic,198
93,topic,198
15,topic,199
36,topic,199
53,topic,199
97,topic,199
0,topic,200
2,topic,200
16,topic,200
8,topic,201
11,topic,201
33,topic,201
48,topic,201
52,topic,201
77,topic,201
83,topic,201
6,topic,202
11,topic,202
12,topic,202
22,topic,202
45,topic,202
59,topic,202
77,topic,202
91,topic,202
97,topic,202
5,topic,203
7,topic,203
22,topic,203
24,topic,203
32,topic,203
34,topic,203
35,topic,203
44,topic,203
52,topic,203
67,topic,203
69,topic,203
72,topic,203
74,topic,203
75,topic,203
78,topic,203
90,topic,203
91,topic,203
92,topic,203
93,topic,203
94,topic,203
97,topic,203
98,topic,203
12,topic,204
18,topic,204
37,topic,204
38,topic,204
42,topic,204
52,topic,204
53,topic,204
58,topic,204
61,topic,204
87,topic,204
92,topic,204
96,topic,204
33,topic,205
37,topic,205
61,topic,205
5,topic,206
10,topic,206
14,topic,206
19,topic,206
66,topic,206
76,topic,206
16,topic,207
27,topic,207
31,topic,207
39,topic,207
44,topic,207
52,topic,207
85,topic,207
96,topic,207
19,topic,208
20,topic,208
29,topic,208
36,topic,208
42,topic,208
60,topic,208
75,topic,208
81,topic,208
94,topic,208
0,topic,209
13,topic,209
19,topic,209
46,topic,209
59,topic,209
61,topic,209
70,topic,209
77,topic,209
78,topic,209
97,topic,209
11,topic,210
20,topic,210
31,topic,210
51,topic,210
57,topic,210
60,topic,210
63,topic,210
71,topic,210
9,topic,211
38,topic,211
55,topic,211
61,topic,211
80,topic,211
94,topic,211
0,topic,212
1,topic,212
2,topic,212
24,topic,212
29,topic,212
30,topic,212
31,topic,212
43,topic,212
49,topic,212
77,topic,212
81,topic,212
82,topic,212
92,topic,212
98,topic,212
99,topic,212
17,topic,213
22,topic,213
32,topic,213
39,topic,213
51,topic,213
55,topic,213
66,topic,213
72,topic,213
76,topic,213
83,topic,213
89,topic,213
95,topic,213
97,topic,213
5,topic,214
9,topic,214
10,topic,214
11,topic,214
22,topic,214
28,topic,214
32,topic,214
34,topic,214
42,topic,214
59,topic,214
67,topic,214
92,topic,214
2,topic,215
32,topic,215
34,topic,215
55,topic,215
56,topic,215
62,topic,215
69,topic,215
82,topic,215
96,topic,215
1,topic,216
7,topic,216
15,topic,216
24,topic,216
36,topic,216
45,topic,216
48,topic,216
73,topic,216
85,topic,216
97,topic,216
6,topic,217
17,topic,217
28,topic,217
35,topic,217
36,topic,217
45,topic,217
46,topic,217
47,topic,217
56,topic,217
82,topic,217
1,topic,218
2,topic,218
10,topic,218
21,topic,218
31,topic,218
61,topic,218
77,topic,218
86,topic,218
91,topic,218
12,topic,219
15,topic,219
17,topic,219
19,topic,219
30,topic,219
37,topic,219
38,topic,219
40,topic,219
57,topic,219
62,topic,219
70,topic,219
90,topic,219
10,topic,220
25,topic,220
33,topic,220
58,topic,220
63,topic,220
64,topic,220
69,topic,220
73,topic,220
79,topic,220
91,topic,220
96,topic,220
1,topic,221
2,topic,221
15,topic,221
17,topic,221
46,topic,221
51,topic,221
66,topic,221
67,topic,221
72,topic,221
84,topic,221
15,topic,222
22,topic,222
25,topic,222
26,topic,222
29,topic,222
32,topic,222
38,topic,222
39,topic,222
41,topic,222
42,topic,222
53,topic,222
54,topic,222
62,topic,222
75,topic,222
88,topic,222
4,topic,223
6,topic,223
8,topic,223
46,topic,223
48,topic,223
56,topic,223
58,topic,223
61,topic,223
24,topic,224
27,topic,224
31,topic,224
44,topic,224
50,topic,224
51,topic,224
70,topic,224
78,topic,224
83,topic,224
99,topic,224
3,topic,225
23,topic,225
27,topic,225
41,topic,225
47,topic,225
48,topic,225
67,topic,225
75,topic,225
89,topic,225
91,topic,225
93,topic,225
98,topic,225
3,topic,226
47,topic,226
57,topic,226
58,topic,226
67,topic,226
68,topic,226
73,topic,226
74,topic,226
92,topic,226
93,topic,226
7,topic,227
15,topic,227
23,topic,227
36,topic,227
42,topic,227
64,topic,227
72,topic,227
81,topic,227
92,topic,227
98,topic,227
99,topic,227
7,topic,228
31,topic,228
50,topic,228
63,topic,228
93,topic,228
7,topic,229
22,topic,229
23,topic,229
51,topic,229
53,topic,229
59,topic,229
77,topic,229
96,topic,229
9,topic,230
22,topic,230
41,topic,230
84,topic,230
85,topic,230
7,topic,231
8,topic,231
17,topic,231
47,topic,231
49,topic,231
50,topic,231
51,topic,231
59,topic,231
76,topic,231
81,topic,231
83,topic,231
86,topic,231
89,topic,231
92,topic,231
95,topic,231
0,topic,232
1,topic,232
2,topic,232
3,topic,232
8,topic,232
21,topic,232
28,topic,232
30,topic,232
36,topic,232
40,topic,232
46,topic,232
48,topic,232
53,topic,232
55,topic,232
66,topic,232
68,topic,232
79,topic,232
87,topic,232
10,topic,233
18,topic,233
21,topic,233
30,topic,233
50,topic,233
56,topic,233
77,topic,233
78,topic,233
79,topic,233
86,topic,233
89,topic,233
4,topic,234
17,topic,234
32,topic,234
34,topic,234
43,topic,234
47,topic,234
71,topic,234
75,topic,234
79,topic,234
80,topic,234
11,topic,235
14,topic,235
21,topic,235
23,topic,235
25,topic,235
46,topic,235
49,topic,235
57,topic,235
62,topic,235
5,topic,236
8,topic,236
22,topic,236
23,topic,236
25,topic,236
46,topic,236
50,topic,236
60,topic,236
24,topic,237
36,topic,237
37,topic,237
42,topic,237
43,topic,237
54,topic,237
64,topic,237
86,topic,237
99,topic,237
3,topic,238
8,topic,238
12,topic,238
29,topic,238
33,topic,238
38,topic,238
40,topic,238
43,topic,238
55,topic,238
64,topic,238
70,topic,238
15,topic,239
18,topic,239
36,topic,239
45,topic,239
83,topic,239
86,topic,239
87,topic,239
90,topic,239
98,topic,239
1,topic,240
2,topic,240
38,topic,240
51,topic,240
72,topic,240
86,topic,240
93,topic,240
29,topic,241
33,topic,241
68,topic,241
85,topic,241
86,topic,241
88,topic,241
3,topic,242
13,topic,242
20,topic,242
23,topic,242
42,topic,242
72,topic,242
77,topic,242
92,topic,242
98,topic,242
0,topic,243
8,topic,243
16,topic,243
35,topic,243
41,topic,243
53,topic,243
57,topic,243
58,topic,243
59,topic,243
65,topic,243
72,topic,243
86,topic,243
94,topic,243
96,topic,243
97,topic,243
1,topic,244
4,topic,244
7,topic,244
44,topic,244
50,topic,244
92,topic,244
93,topic,244
97,topic,244
21,topic,245
27,topic,245
53,topic,245
55,topic,245
56,topic,245
57,topic,245
69,topic,245
74,topic,245
90,topic,245
2,topic,246
13,topic,246
29,topic,246
31,topic,246
36,topic,246
43,topic,246
47,topic,246
54,topic,246
59,topic,246
75,topic,246
84,topic,246
91,topic,246
2,topic,247
12,topic,247
17,topic,247
25,topic,247
32,topic,247
48,topic,247
57,topic,247
58,topic,247
73,topic,247
78,topic,247
82,topic,247
89,topic,247
90,topic,247
4,topic,248
6,topic,248
9,topic,248
25,topic,248
28,topic,248
41,topic,248
44,topic,248
63,topic,248
79,topic,248
84,topic,248
93,topic,248
10,topic,249
11,topic,249
12,topic,249
20,topic,249
21,topic,249
48,topic,249
60,topic,249
71,topic,249
83,topic,249
87,topic,249
89,topic,249
91,topic,249
6,topic,250
15,topic,250
49,topic,250
53,topic,250
57,topic,250
65,topic,250
69,topic,250
88,topic,250
89,topic,250
96,topic,250
15,topic,251
16,topic,251
37,topic,251
45,topic,251
65,topic,251
81,topic,251
9,topic,252
25,topic,252
48,topic,252
54,topic,252
72,topic,252
84,topic,252
95,topic,252
97,topic,252
99,topic,252
1,topic,253
4,topic,253
11,topic,253
15,topic,253
33,topic,253
57,topic,253
59,topic,253
66,topic,253
70,topic,253
78,topic,253
80,topic,253
90,topic,253
92,topic,253
5,topic,254
6,topic,254
9,topic,254
20,topic,254
48,topic,254
58,topic,254
82,topic,254
8,topic,255
14,topic,255
46,topic,255
80,topic,255
90,topic,255
98,topic,255
99,topic,255
8,topic,256
35,topic,256
39,topic,256
57,topic,256
60,topic,256
62,topic,256
71,topic,256
74,topic,256
78,topic,256
99,topic,256
4,topic,257
19,topic,257
21,topic,257
22,topic,257
31,topic,257
33,topic,257
34,topic,257
41,topic,257
42,topic,257
56,topic,257
77,topic,257
79,topic,257
81,topic,257
95,topic,257
6,topic,258
7,topic,258
9,topic,258
12,topic,258
19,topic,258
27,topic,258
56,topic,258
67,topic,258
87,topic,258
88,topic,258
97,topic,258
11,topic,259
19,topic,259
23,topic,259
51,topic,259
79,topic,259
85,topic,259
19,topic,260
25,topic,260
35,topic,260
39,topic,260
50,topic,260
60,topic,260
70,topic,260
78,topic,260
84,topic,260
95,topic,260
11,topic,261
36,topic,261
37,topic,261
59,topic,261
64,topic,261
71,topic,261
8,topic,262
12,topic,262
20,topic,262
40,topic,262
49,topic,262
59,topic,262
64,topic,262
75,topic,262
4,topic,263
8,topic,263
32,topic,263
37,topic,263
43,topic,263
72,topic,263
75,topic,263
12,topic,264
16,topic,264
29,topic,264
50,topic,264
53,topic,264
55,topic,264
56,topic,264
71,topic,264
90,topic,264
8,topic,265
33,topic,265
35,topic,265
48,topic,265
52,topic,265
61,topic,265
64,topic,265
72,topic,265
74,topic,265
79,topic,265
86,topic,265
93,topic,265
6,topic,266
7,topic,266
9,topic,266
18,topic,266
19,topic,266
28,topic,266
35,topic,266
40,topic,266
45,topic,266
48,topic,266
65,topic,266
74,topic,266
78,topic,266
80,topic,266
82,topic,266
90,topic,266
94,topic,266
0,topic,267
4,topic,267
6,topic,267
13,topic,267
21,topic,267
32,topic,267
46,topic,267
67,topic,267
71,topic,267
74,topic,267
84,topic,267
89,topic,267
10,topic,268
12,topic,268
30,topic,268
32,topic,268
47,topic,268
65,topic,268
98,topic,268
99,topic,268
14,topic,269
16,topic,269
19,topic,269
23,topic,269
30,topic,269
42,topic,269
45,topic,269
54,topic,269
56,topic,269
63,topic,269
64,topic,269
79,topic,269
83,topic,269
95,topic,269
2,topic,270
23,topic,270
24,topic,270
40,topic,270
54,topic,270
59,topic,270
63,topic,270
70,topic,270
91,topic,270
99,topic,270
2,topic,271
18,topic,271
28,topic,271
43,topic,271
54,topic,271
66,topic,271
79,topic,271
84,topic,271
93,topic,271
10,topic,272
29,topic,272
33,topic,272
51,topic,272
67,topic,272
77,topic,272
82,topic,272
85,topic,272
18,topic,273
42,topic,273
71,topic,273
88,topic,273
94,topic,273
10,topic,274
20,topic,274
28,topic,274
41,topic,274
49,topic,274
54,topic,274
59,topic,274
65,topic,274
66,topic,274
68,topic,274
81,topic,274
91,topic,274
95,topic,274
2,topic,275
15,topic,275
47,topic,275
51,topic,275
63,topic,275
69,topic,275
73,topic,275
74,topic,275
82,topic,275
83,topic,275
5,topic,276
19,topic,276
24,topic,276
27,topic,276
44,topic,276
45,topic,276
46,topic,276
55,topic,276
74,topic,276
81,topic,276
82,topic,276
90,topic,276
3,topic,277
6,topic,277
16,topic,277
18,topic,277
24,topic,277
34,topic,277
38,topic,277
40,topic,277
49,topic,277
54,topic,277
73,topic,277
77,topic,277
97,topic,277
4,topic,278
6,topic,278
14,topic,278
28,topic,278
29,topic,278
37,topic,278
38,topic,278
40,topic,278
72,topic,278
77,topic,278
87,topic,278
89,topic,278
90,topic,278
92,topic,278
93,topic,278
95,topic,278
99,topic,278
20,topic,279
21,topic,279
24,topic,279
27,topic,279
29,topic,279
38,topic,279
40,topic,279
41,topic,279
43,topic,279
50,topic,279
59,topic,279
77,topic,279
78,topic,279
94,topic,279
10,topic,280
23,topic,280
30,topic,280
34,topic,280
38,topic,280
41,topic,280
42,topic,280
64,topic,280
67,topic,280
68,topic,280
86,topic,280
93,topic,280
96,topic,280
2,topic,281
5,topic,281
15,topic,281
19,topic,281
21,topic,281
40,topic,281
44,topic,281
55,topic,281
74,topic,281
90,topic,281
94,topic,281
95,topic,281
11,topic,282
14,topic,282
37,topic,282
47,topic,282
60,topic,282
77,topic,282
78,topic,282
85,topic,282
98,topic,282
26,topic,283
28,topic,283
29,topic,283
36,topic,283
41,topic,283
42,topic,283
53,topic,283
62,topic,283
70,topic,283
80,topic,283
89,topic,283
92,topic,283
95,topic,283
3,topic,284
5,topic,284
8,topic,284
12,topic,284
21,topic,284
25,topic,284
33,topic,284
75,topic,284
88,topic,284
91,topic,284
3,topic,285
4,topic,285
56,topic,285
62,topic,285
63,topic,285
67,topic,285
80,topic,285
90,topic,285
99,topic,285
26,topic,286
36,topic,286
37,topic,286
40,topic,286
43,topic,286
65,topic,286
78,topic,286
79,topic,286
94,topic,286
2,topic,287
12,topic,287
16,topic,287
33,topic,287
34,topic,287
38,topic,287
39,topic,287
65,topic,287
76,topic,287
86,topic,287
94,topic,287
96,topic,287
12,topic,288
16,topic,288
23,topic,288
39,topic,288
45,topic,288
46,topic,288
49,topic,288
67,topic,288
79,topic,288
7,topic,289
17,topic,289
38,topic,289
46,topic,289
74,topic,289
76,topic,289
80,topic,289
7,topic,290
31,topic,290
50,topic,290
57,topic,290
67,topic,290
69,topic,290
70,topic,290
95,topic,290
21,topic,291
35,topic,291
57,topic,291
67,topic,291
87,topic,291
93,topic,291
94,topic,291
97,topic,291
47,topic,292
51,topic,292
55,topic,292
65,topic,292
76,topic,292
97,topic,292
29,topic,293
43,topic,293
45,topic,293
66,topic,293
82,topic,293
95,topic,293
4,topic,294
8,topic,294
26,topic,294
31,topic,294
43,topic,294
53,topic,294
59,topic,294
69,topic,294
71,topic,294
80,topic,294
93,topic,294
11,topic,295
15,topic,295
17,topic,295
28,topic,295
30,topic,295
49,topic,295
87,topic,295
91,topic,295
96,topic,295
99,topic,295
17,topic,296
29,topic,296
33,topic,296
47,topic,296
65,topic,296
74,topic,296
76,topic,296
77,topic,296
86,topic,296
89,topic,296
90,topic,296
14,topic,297
18,topic,297
19,topic,297
51,topic,297
57,topic,297
79,topic,297
86,topic,297
94,topic,297
96,topic,297
97,topic,297
14,topic,298
16,topic,298
17,topic,298
31,topic,298
34,topic,298
36,topic,298
38,topic,298
45,topic,298
48,topic,298
59,topic,298
82,topic,298
93,topic,298
9,topic,299
11,topic,299
19,topic,299
32,topic,299
45,topic,299
56,topic,299
57,topic,299
58,topic,299
61,topic,299
63,topic,299
3,topic,300
9,topic,300
14,topic,300
35,topic,300
36,topic,300
53,topic,300
68,topic,300
86,topic,300
92,topic,300
94,topic,300
7,topic,301
19,topic,301
27,topic,301
50,topic,301
61,topic,301
67,topic,301
78,topic,301
7,topic,302
22,topic,302
26,topic,302
36,topic,302
49,topic,302
54,topic,302
70,topic,302
73,topic,302
76,topic,302
79,topic,302
81,topic,302
86,topic,302
2,topic,303
10,topic,303
15,topic,303
63,topic,303
67,topic,303
75,topic,303
79,topic,303
4,topic,304
10,topic,304
15,topic,304
23,topic,304
39,topic,304
41,topic,304
46,topic,304
56,topic,304
58,topic,304
61,topic,304
65,topic,304
74,topic,304
80,topic,304
83,topic,304
1,topic,305
2,topic,305
11,topic,305
17,topic,305
19,topic,305
34,topic,305
36,topic,305
40,topic,305
43,topic,305
44,topic,305
64,topic,305
69,topic,305
74,topic,305
88,topic,305
91,topic,305
92,topic,305
32,topic,306
35,topic,306
39,topic,306
41,topic,306
44,topic,306
58,topic,306
60,topic,306
68,topic,306
69,topic,306
76,topic,306
90,topic,306
93,topic,306
9,topic,307
13,topic,307
14,topic,307
23,topic,307
44,topic,307
56,topic,307
71,topic,307
89,topic,307
97,topic,307
25,topic,308
43,topic,308
44,topic,308
47,topic,308
58,topic,308
84,topic,308
86,topic,308
3,topic,309
8,topic,309
11,topic,309
38,topic,309
43,topic,309
72,topic,309
94,topic,309
7,topic,310
18,topic,310
19,topic,310
24,topic,310
46,topic,310
47,topic,310
48,topic,310
53,topic,310
61,topic,310
82,topic,310
9,topic,311
17,topic,311
19,topic,311
22,topic,311
39,topic,311
62,topic,311
79,topic,311
92,topic,311
1,topic,312
13,topic,312
15,topic,312
37,topic,312
42,topic,312
53,topic,312
62,topic,312
65,topic,312
75,topic,312
81,topic,312
86,topic,312
1,topic,313
2,topic,313
25,topic,313
29,topic,313
53,topic,313
64,topic,313
74,topic,313
78,topic,313
96,topic,313
29,topic,314
33,topic,314
47,topic,314
60,topic,314
70,topic,314
93,topic,314
94,topic,314
2,topic,315
10,topic,315
18,topic,315
22,topic,315
23,topic,315
36,topic,315
61,topic,315
64,topic,315
73,topic,315
84,topic,315
89,topic,315
96,topic,315
97,topic,315
1,topic,316
9,topic,316
10,topic,316
23,topic,316
31,topic,316
56,topic,316
59,topic,316
62,topic,316
77,topic,316
85,topic,316
2,topic,317
53,topic,317
58,topic,317
75,topic,317
85,topic,317
93,topic,317
95,topic,317
0,topic,318
33,topic,318
34,topic,318
35,topic,318
36,topic,318
57,topic,318
60,topic,318
71,topic,318
81,topic,318
89,topic,318
11,topic,319
14,topic,319
15,topic,319
16,topic,319
18,topic,319
19,topic,319
27,topic,319
35,topic,319
58,topic,319
62,topic,319
87,topic,319
92,topic,319
95,topic,319
3,topic,320
12,topic,320
39,topic,320
46,topic,320
60,topic,320
73,topic,320
76,topic,320
77,topic,320
78,topic,320
92,topic,320
93,topic,320
1,topic,321
16,topic,321
17,topic,321
32,topic,321
39,topic,321
42,topic,321
44,topic,321
73,topic,321
7,topic,322
8,topic,322
17,topic,322
30,topic,322
35,topic,322
36,topic,322
59,topic,322
68,topic,322
78,topic,322
85,topic,322
88,topic,322
39,topic,323
51,topic,323
74,topic,323
92,topic,323
99,topic,323
1,topic,324
6,topic,324
9,topic,324
11,topic,324
12,topic,324
21,topic,324
25,topic,324
37,topic,324
43,topic,324
55,topic,324
69,topic,324
70,topic,324
72,topic,324
13,topic,325
23,topic,325
25,topic,325
33,topic,325
45,topic,325
52,topic,325
53,topic,325
81,topic,325
85,topic,325
88,topic,325
99,topic,325
3,topic,326
5,topic,326
16,topic,326
37,topic,326
57,topic,326
77,topic,326
24,topic,327
28,topic,327
31,topic,327
36,topic,327
53,topic,327
63,topic,327
64,topic,327
70,topic,327
73,topic,327
78,topic,327
84,topic,327
85,topic,327
96,topic,327
0,topic,328
3,topic,328
7,topic,328
13,topic,328
15,topic,328
18,topic,328
25,topic,328
35,topic,328
36,topic,328
47,topic,328
48,topic,328
56,topic,328
57,topic,328
68,topic,328
71,topic,328
77,topic,328
80,topic,328
83,topic,328
92,topic,328
99,topic,328
3,topic,329
9,topic,329
15,topic,329
16,topic,329
31,topic,329
45,topic,329
63,topic,329
70,topic,329
72,topic,329
79,topic,329
83,topic,329
0,topic,330
5,topic,330
11,topic,330
25,topic,330
39,topic,330
43,topic,330
44,topic,330
47,topic,330
61,topic,330
79,topic,330
88,topic,330
97,topic,330
99,topic,330
2,topic,331
14,topic,331
16,topic,331
25,topic,331
33,topic,331
36,topic,331
37,topic,331
49,topic,331
69,topic,331
79,topic,331
90,topic,331
11,topic,332
23,topic,332
24,topic,332
25,topic,332
68,topic,332
75,topic,332
80,topic,332
9,topic,333
15,topic,333
18,topic,333
27,topic,333
30,topic,333
52,topic,333
55,topic,333
56,topic,333
71,topic,333
73,topic,333
76,topic,333
81,topic,333
83,topic,333
99,topic,333
5,topic,334
8,topic,334
11,topic,334
21,topic,334
34,topic,334
43,topic,334
50,topic,334
51,topic,334
53,topic,334
59,topic,334
96,topic,334
4,topic,335
6,topic,335
12,topic,335
29,topic,335
44,topic,335
53,topic,335
74,topic,335
77,topic,335
84,topic,335
2,topic,336
7,topic,336
12,topic,336
55,topic,336
78,topic,336
81,topic,336
85,topic,336
93,topic,336
94,topic,336
97,topic,336
7,topic,337
8,topic,337
11,topic,337
24,topic,337
26,topic,337
28,topic,337
33,topic,337
35,topic,337
40,topic,337
43,topic,337
49,topic,337
58,topic,337
63,topic,337
69,topic,337
79,topic,337
9,topic,338
13,topic,338
38,topic,338
54,topic,338
58,topic,338
63,topic,338
71,topic,338
76,topic,338
77,topic,338
90,topic,338
93,topic,338
18,topic,339
35,topic,339
44,topic,339
49,topic,339
50,topic,339
71,topic,339
72,topic,339
78,topic,339
81,topic,339
82,topic,339
93,topic,339
21,topic,340
26,topic,340
42,topic,340
60,topic,340
70,topic,340
89,topic,340
92,topic,340
93,topic,340
96,topic,340
27,topic,341
69,topic,341
88,topic,341
92,topic,341
95,topic,341
96,topic,341
1,topic,342
3,topic,342
10,topic,342
25,topic,342
35,topic,342
43,topic,342
57,topic,342
73,topic,342
74,topic,342
78,topic,342
86,topic,342
96,topic,342
99,topic,342
4,topic,343
16,topic,343
18,topic,343
26,topic,343
30,topic,343
50,topic,343
82,topic,343
98,topic,343
22,topic,344
28,topic,344
36,topic,344
47,topic,344
98,topic,344
99,topic,344
8,topic,345
27,topic,345
31,topic,345
35,topic,345
52,topic,345
74,topic,345
88,topic,345
3,topic,346
8,topic,346
20,topic,346
33,topic,346
48,topic,346
60,topic,346
66,topic,346
82,topic,346
96,topic,346
3,topic,347
4,topic,347
13,topic,347
48,topic,347
52,topic,347
56,topic,347
81,topic,347
4,topic,348
16,topic,348
39,topic,348
46,topic,348
49,topic,348
53,topic,348
55,topic,348
73,topic,348
22,topic,349
24,topic,349
32,topic,349
37,topic,349
39,topic,349
40,topic,349
25,topic,350
34,topic,350
65,topic,350
85,topic,350
95,topic,350
3,topic,351
5,topic,351
10,topic,351
47,topic,351
76,topic,351
90,topic,351
93,topic,351
5,topic,352
15,topic,352
24,topic,352
40,topic,352
47,topic,352
77,topic,352
79,topic,352
86,topic,352
7,topic,353
30,topic,353
46,topic,353
49,topic,353
62,topic,353
73,topic,353
76,topic,353
84,topic,353
88,topic,353
96,topic,353
17,topic,354
37,topic,354
39,topic,354
60,topic,354
69,topic,354
74,topic,354
77,topic,354
85,topic,354
12,topic,355
14,topic,355
32,topic,355
37,topic,355
38,topic,355
46,topic,355
63,topic,355
65,topic,355
66,topic,355
88,topic,355
90,topic,355
3,topic,356
5,topic,356
9,topic,356
14,topic,356
16,topic,356
19,topic,356
20,topic,356
29,topic,356
31,topic,356
34,topic,356
39,topic,356
56,topic,356
57,topic,356
82,topic,356
86,topic,356
92,topic,356
94,topic,356
95,topic,356
96,topic,356
7,topic,357
18,topic,357
22,topic,357
27,topic,357
31,topic,357
35,topic,357
45,topic,357
46,topic,357
52,topic,357
53,topic,357
54,topic,357
60,topic,357
74,topic,357
85,topic,357
0,topic,358
10,topic,358
13,topic,358
24,topic,358
25,topic,358
27,topic,358
30,topic,358
36,topic,358
37,topic,358
44,topic,358
57,topic,358
60,topic,358
66,topic,358
76,topic,358
79,topic,358
17,topic,359
50,topic,359
54,topic,359
55,topic,359
91,topic,359
1,topic,360
7,topic,360
13,topic,360
56,topic,360
58,topic,360
60,topic,360
62,topic,360
63,topic,360
85,topic,360
94,topic,360
99,topic,360
4,topic,361
22,topic,361
23,topic,361
29,topic,361
39,topic,361
50,topic,361
55,topic,361
60,topic,361
61,topic,361
64,topic,361
70,topic,361
92,topic,361
95,topic,361
99,topic,361
3,topic,362
7,topic,362
12,topic,362
17,topic,362
31,topic,362
41,topic,362
42,topic,362
47,topic,362
49,topic,362
74,topic,362
81,topic,362
88,topic,362
89,topic,362
91,topic,362
10,topic,363
17,topic,363
24,topic,363
38,topic,363
39,topic,363
40,topic,363
43,topic,363
68,topic,363
77,topic,363
78,topic,363
81,topic,363
4,topic,364
10,topic,364
19,topic,364
25,topic,364
33,topic,364
34,topic,364
38,topic,364
44,topic,364
57,topic,364
67,topic,364
69,topic,364
72,topic,364
6,topic,365
7,topic,365
13,topic,365
19,topic,365
38,topic,365
57,topic,365
62,topic,365
70,topic,365
33,topic,366
35,topic,366
44,topic,366
50,topic,366
66,topic,366
67,topic,366
69,topic,366
81,topic,366
87,topic,366
96,topic,366
18,topic,367
39,topic,367
47,topic,367
52,topic,367
57,topic,367
78,topic,367
79,topic,367
90,topic,367
9,topic,368
30,topic,368
48,topic,368
50,topic,368
54,topic,368
59,topic,368
63,topic,368
65,topic,368
85,topic,368
95,topic,368
28,topic,369
29,topic,369
37,topic,369
39,topic,369
44,topic,369
61,topic,369
75,topic,369
77,topic,369
88,topic,369
89,topic,369
93,topic,369
94,topic,369
96,topic,369
98,topic,369
15,topic,370
21,topic,370
31,topic,370
48,topic,370
50,topic,370
54,topic,370
56,topic,370
65,topic,370
72,topic,370
93,topic,370
95,topic,370
40,topic,371
42,topic,371
47,topic,371
61,topic,371
64,topic,371
70,topic,371
72,topic,371
79,topic,371
80,topic,371
95,topic,371
0,topic,372
12,topic,372
18,topic,372
25,topic,372
26,topic,372
39,topic,372
48,topic,372
62,topic,372
66,topic,372
70,topic,372
71,topic,372
81,topic,372
92,topic,372
21,topic,373
28,topic,373
30,topic,373
41,topic,373
52,topic,373
55,topic,373
60,topic,373
65,topic,373
67,topic,373
78,topic,373
1,topic,374
3,topic,374
27,topic,374
30,topic,374
61,topic,374
62,topic,374
65,topic,374
67,topic,374
70,topic,374
73,topic,374
77,topic,374
84,topic,374
94,topic,374
95,topic,374
9,topic,375
16,topic,375
19,topic,375
22,topic,375
30,topic,375
36,topic,375
38,topic,375
71,topic,375
77,topic,375
83,topic,375
85,topic,375
87,topic,375
98,topic,375
28,topic,376
50,topic,376
59,topic,376
60,topic,376
62,topic,376
66,topic,376
70,topic,376
81,topic,376
87,topic,376
5,topic,377
16,topic,377
21,topic,377
26,topic,377
41,topic,377
58,topic,377
83,topic,377
3,topic,378
10,topic,378
13,topic,378
19,topic,378
20,topic,378
31,topic,378
44,topic,378
53,topic,378
71,topic,378
79,topic,378
92,topic,378
94,topic,378
4,topic,379
14,topic,379
25,topic,379
40,topic,379
41,topic,379
54,topic,379
59,topic,379
62,topic,379
83,topic,379
87,topic,379
92,topic,379
94,topic,379
0,topic,380
17,topic,380
20,topic,380
24,topic,380
34,topic,380
36,topic,380
43,topic,380
46,topic,380
72,topic,380
75,topic,380
42,topic,381
52,topic,381
56,topic,381
58,topic,381
63,topic,381
64,topic,381
71,topic,381
88,topic,381
89,topic,381
7,topic,382
10,topic,382
15,topic,382
31,topic,382
35,topic,382
39,topic,382
57,topic,382
58,topic,382
64,topic,382
70,topic,382
93,topic,382
94,topic,382
17,topic,383
39,topic,383
44,topic,383
45,topic,383
46,topic,383
53,topic,383
4,topic,384
14,topic,384
21,topic,384
22,topic,384
29,topic,384
31,topic,384
40,topic,384
48,topic,384
60,topic,384
76,topic,384
91,topic,384
2,topic,385
7,topic,385
13,topic,385
15,topic,385
16,topic,385
50,topic,385
63,topic,385
75,topic,385
99,topic,385
19,topic,386
27,topic,386
30,topic,386
72,topic,386
80,topic,386
82,topic,386
94,topic,386
95,topic,386
15,topic,387
21,topic,387
24,topic,387
27,topic,387
31,topic,387
49,topic,387
50,topic,387
67,topic,387
85,topic,387
2,topic,388
32,topic,388
34,topic,388
55,topic,388
91,topic,388
1,topic,389
27,topic,389
33,topic,389
51,topic,389
68,topic,389
98,topic,389
5,topic,390
19,topic,390
28,topic,390
42,topic,390
49,topic,390
67,topic,390
79,topic,390
81,topic,390
89,topic,390
90,topic,390
98,topic,390
99,topic,390
2,topic,391
23,topic,391
32,topic,391
43,topic,391
49,topic,391
56,topic,391
70,topic,391
73,topic,391
81,topic,391
82,topic,391
83,topic,391
85,topic,391
92,topic,391
99,topic,391
9,topic,392
10,topic,392
11,topic,392
26,topic,392
36,topic,392
52,topic,392
59,topic,392
60,topic,392
66,topic,392
70,topic,392
93,topic,392
97,topic,392
5,topic,393
6,topic,393
7,topic,393
8,topic,393
12,topic,393
16,topic,393
22,topic,393
37,topic,393
46,topic,393
55,topic,393
56,topic,393
61,topic,393
71,topic,393
76,topic,393
80,topic,393
88,topic,393
4,topic,394
12,topic,394
21,topic,394
24,topic,394
26,topic,394
42,topic,394
43,topic,394
55,topic,394
60,topic,394
61,topic,394
66,topic,394
69,topic,394
77,topic,394
87,topic,394
2,topic,395
12,topic,395
18,topic,395
24,topic,395
37,topic,395
42,topic,395
46,topic,395
63,topic,395
69,topic,395
76,topic,395
78,topic,395
85,topic,395
91,topic,395
6,topic,396
16,topic,396
33,topic,396
34,topic,396
35,topic,396
37,topic,396
40,topic,396
50,topic,396
61,topic,396
63,topic,396
65,topic,396
68,topic,396
73,topic,396
82,topic,396
98,topic,396
15,topic,397
20,topic,397
23,topic,397
51,topic,397
74,topic,397
90,topic,397
0,topic,398
14,topic,398
16,topic,398
17,topic,398
18,topic,398
36,topic,398
46,topic,398
59,topic,398
61,topic,398
73,topic,398
83,topic,398
85,topic,398
90,topic,398
93,topic,398
97,topic,398
98,topic,398
4,topic,399
28,topic,399
39,topic,399
51,topic,399
52,topic,399
78,topic,399
98,topic,399
7,topic,400
46,topic,400
93,topic,400
94,topic,400
99,topic,400
2,topic,401
25,topic,401
32,topic,401
49,topic,401
57,topic,401
71,topic,401
76,topic,401
84,topic,401
90,topic,401
3,topic,402
12,topic,402
18,topic,402
40,topic,402
43,topic,402
48,topic,402
49,topic,402
51,topic,402
56,topic,402
57,topic,402
71,topic,402
81,topic,402
2,topic,403
3,topic,403
11,topic,403
28,topic,403
41,topic,403
67,topic,403
73,topic,403
75,topic,403
77,topic,403
85,topic,403
94,topic,403
96,topic,403
2,topic,404
3,topic,404
5,topic,404
12,topic,404
16,topic,404
17,topic,404
24,topic,404
32,topic,404
34,topic,404
36,topic,404
37,topic,404
62,topic,404
84,topic,404
87,topic,404
91,topic,404
93,topic,404
14,topic,405
15,topic,405
39,topic,405
46,topic,405
80,topic,405
10,topic,406
12,topic,406
18,topic,406
21,topic,406
24,topic,406
34,topic,406
38,topic,406
42,topic,406
80,topic,406
89,topic,406
99,topic,406
5,topic,407
13,topic,407
14,topic,407
34,topic,407
38,topic,407
44,topic,407
50,topic,407
61,topic,407
65,topic,407
69,topic,407
72,topic,407
99,topic,407
3,topic,408
18,topic,408
25,topic,408
28,topic,408
35,topic,408
48,topic,408
6,topic,409
14,topic,409
15,topic,409
24,topic,409
54,topic,409
55,topic,409
58,topic,409
79,topic,409
90,topic,409
5,topic,410
34,topic,410
40,topic,410
44,topic,410
49,topic,410
61,topic,410
83,topic,410
24,topic,411
41,topic,411
66,topic,411
81,topic,411
85,topic,411
86,topic,411
94,topic,411
10,topic,412
12,topic,412
27,topic,412
54,topic,412
69,topic,412
70,topic,412
87,topic,412
92,topic,412
36,topic,413
43,topic,413
45,topic,413
52,topic,413
55,topic,413
60,topic,413
61,topic,413
73,topic,413
88,topic,413
90,topic,413
99,topic,413
20,topic,414
28,topic,414
31,topic,414
44,topic,414
51,topic,414
58,topic,414
62,topic,414
65,topic,414
68,topic,414
73,topic,414
77,topic,414
90,topic,414
1,topic,415
9,topic,415
11,topic,415
13,topic,415
14,topic,415
18,topic,415
19,topic,415
21,topic,415
24,topic,415
45,topic,415
78,topic,415
85,topic,415
97,topic,415
10,topic,416
14,topic,416
31,topic,416
35,topic,416
53,topic,416
56,topic,416
77,topic,416
95,topic,416
99,topic,416
12,topic,417
16,topic,417
24,topic,417
28,topic,417
41,topic,417
52,topic,417
64,topic,417
72,topic,417
79,topic,417
97,topic,417
36,topic,418
40,topic,418
57,topic,418
62,topic,418
64,topic,418
78,topic,418
92,topic,418
95,topic,418
97,topic,418
98,topic,418
1,topic,419
13,topic,419
22,topic,419
29,topic,419
48,topic,419
54,topic,419
67,topic,419
77,topic,419
88,topic,419
90,topic,419
99,topic,419
1,topic,420
5,topic,420
7,topic,420
14,topic,420
16,topic,420
19,topic,420
20,topic,420
38,topic,420
46,topic,420
70,topic,420
96,topic,420
99,topic,420
6,topic,421
14,topic,421
23,topic,421
82,topic,421
1,topic,422
22,topic,422
25,topic,422
50,topic,422
56,topic,422
65,topic,422
67,topic,422
77,topic,422
16,topic,423
17,topic,423
21,topic,423
43,topic,423
50,topic,423
71,topic,423
15,topic,424
22,topic,424
33,topic,424
44,topic,424
56,topic,424
60,topic,424
62,topic,424
71,topic,424
73,topic,424
82,topic,424
95,topic,424
96,topic,424
7,topic,425
15,topic,425
33,topic,425
35,topic,425
37,topic,425
38,topic,425
50,topic,425
51,topic,425
55,topic,425
64,topic,425
66,topic,425
68,topic,425
70,topic,425
75,topic,425
99,topic,425
11,topic,426
13,topic,426
23,topic,426
40,topic,426
67,topic,426
99,topic,426
6,topic,427
10,topic,427
16,topic,427
22,topic,427
53,topic,427
54,topic,427
64,topic,427
74,topic,427
77,topic,427
86,topic,427
5,topic,428
14,topic,428
19,topic,428
24,topic,428
26,topic,428
35,topic,428
63,topic,428
75,topic,428
96,topic,428
98,topic,428
15,topic,429
20,topic,429
24,topic,429
29,topic,429
43,topic,429
47,topic,429
48,topic,429
64,topic,429
65,topic,429
70,topic,429
99,topic,429
16,topic,430
17,topic,430
19,topic,430
23,topic,430
26,topic,430
29,topic,430
47,topic,430
90,topic,430
93,topic,430
7,topic,431
11,topic,431
23,topic,431
47,topic,431
50,topic,431
52,topic,431
56,topic,431
57,topic,431
62,topic,431
83,topic,431
95,topic,431
24,topic,432
29,topic,432
47,topic,432
56,topic,432
82,topic,432
83,topic,432
94,topic,432
7,topic,433
18,topic,433
49,topic,433
51,topic,433
57,topic,433
58,topic,433
59,topic,433
66,topic,433
69,topic,433
78,topic,433
93,topic,433
94,topic,433
97,topic,433
0,topic,434
2,topic,434
5,topic,434
8,topic,434
12,topic,434
20,topic,434
24,topic,434
39,topic,434
43,topic,434
44,topic,434
55,topic,434
76,topic,434
82,topic,434
90,topic,434
4,topic,435
25,topic,435
26,topic,435
46,topic,435
50,topic,435
54,topic,435
85,topic,435
86,topic,435
91,topic,435
2,topic,436
20,topic,436
32,topic,436
44,topic,436
64,topic,436
67,topic,436
95,topic,436
8,topic,437
25,topic,437
26,topic,437
28,topic,437
45,topic,437
54,topic,437
62,topic,437
83,topic,437
5,topic,438
9,topic,438
29,topic,438
35,topic,438
39,topic,438
44,topic,438
61,topic,438
62,topic,438
78,topic,438
13,topic,439
18,topic,439
49,topic,439
55,topic,439
58,topic,439
68,topic,439
74,topic,439
75,topic,439
80,topic,439
97,topic,439
98,topic,439
12,topic,440
36,topic,440
37,topic,440
49,topic,440
50,topic,440
64,topic,440
71,topic,440
78,topic,440
3,topic,441
16,topic,441
52,topic,441
60,topic,441
82,topic,441
97,topic,441
14,topic,442
21,topic,442
46,topic,442
47,topic,442
70,topic,442
75,topic,442
83,topic,442
86,topic,442
93,topic,442
94,topic,442
3,topic,443
5,topic,443
10,topic,443
13,topic,443
15,topic,443
27,topic,443
61,topic,443
74,topic,443
89,topic,443
97,topic,443
0,topic,444
24,topic,444
26,topic,444
36,topic,444
41,topic,444
55,topic,444
60,topic,444
73,topic,444
86,topic,444
3,topic,445
14,topic,445
18,topic,445
20,topic,445
25,topic,445
53,topic,445
58,topic,445
81,topic,445
82,topic,445
99,topic,445
4,topic,446
30,topic,446
37,topic,446
40,topic,446
46,topic,446
57,topic,446
69,topic,446
71,topic,446
77,topic,446
79,topic,446
91,topic,446
99,topic,446
27,topic,447
44,topic,447
54,topic,447
77,topic,447
6,topic,448
8,topic,448
16,topic,448
18,topic,448
21,topic,448
37,topic,448
39,topic,448
41,topic,448
44,topic,448
51,topic,448
60,topic,448
62,topic,448
67,topic,448
76,topic,448
89,topic,448
8,topic,449
16,topic,449
31,topic,449
69,topic,449
83,topic,449
88,topic,449
94,topic,449
4,topic,450
6,topic,450
8,topic,450
33,topic,450
39,topic,450
55,topic,450
60,topic,450
66,topic,450
76,topic,450
85,topic,450
92,topic,450
36,topic,451
67,topic,451
74,topic,451
75,topic,451
79,topic,451
90,topic,451
5,topic,452
38,topic,452
41,topic,452
52,topic,452
62,topic,452
71,topic,452
77,topic,452
81,topic,452
86,topic,452
88,topic,452
11,topic,453
15,topic,453
19,topic,453
32,topic,453
36,topic,453
43,topic,453
46,topic,453
58,topic,453
96,topic,453
99,topic,453
1,topic,454
8,topic,454
9,topic,454
15,topic,454
18,topic,454
23,topic,454
25,topic,454
28,topic,454
48,topic,454
69,topic,454
71,topic,454
76,topic,454
89,topic,454
96,topic,454
97,topic,454
98,topic,454
2,topic,455
13,topic,455
15,topic,455
26,topic,455
50,topic,455
53,topic,455
54,topic,455
63,topic,455
77,topic,455
81,topic,455
86,topic,455
13,topic,456
41,topic,456
62,topic,456
76,topic,456
78,topic,456
7,topic,457
12,topic,457
20,topic,457
22,topic,457
23,topic,457
25,topic,457
31,topic,457
44,topic,457
52,topic,457
63,topic,457
64,topic,457
69,topic,457
79,topic,457
92,topic,457
5,topic,458
25,topic,458
28,topic,458
43,topic,458
44,topic,458
46,topic,458
50,topic,458
16,topic,459
53,topic,459
67,topic,459
73,topic,459
82,topic,459
5,topic,460
7,topic,460
12,topic,460
19,topic,460
22,topic,460
36,topic,460
37,topic,460
43,topic,460
49,topic,460
50,topic,460
55,topic,460
66,topic,460
72,topic,460
77,topic,460
81,topic,460
99,topic,460
5,topic,461
39,topic,461
70,topic,461
73,topic,461
94,topic,461
1,topic,462
9,topic,462
12,topic,462
18,topic,462
20,topic,462
26,topic,462
33,topic,462
39,topic,462
74,topic,462
88,topic,462
89,topic,462
95,topic,462
0,topic,463
13,topic,463
15,topic,463
17,topic,463
23,topic,463
33,topic,463
36,topic,463
38,topic,463
45,topic,463
50,topic,463
56,topic,463
60,topic,463
69,topic,463
77,topic,463
78,topic,463
85,topic,463
87,topic,463
88,topic,463
16,topic,464
30,topic,464
31,topic,464
43,topic,464
60,topic,464
64,topic,464
79,topic,464
91,topic,464
98,topic,464
26,topic,465
34,topic,465
38,topic,465
40,topic,465
60,topic,465
76,topic,465
77,topic,465
93,topic,465
95,topic,465
0,topic,466
8,topic,466
16,topic,466
26,topic,466
32,topic,466
38,topic,466
44,topic,466
50,topic,466
63,topic,466
69,topic,466
72,topic,466
78,topic,466
84,topic,466
12,topic,467
25,topic,467
45,topic,467
46,topic,467
56,topic,467
70,topic,467
81,topic,467
91,topic,467
1,topic,468
3,topic,468
13,topic,468
25,topic,468
28,topic,468
29,topic,468
30,topic,468
50,topic,468
51,topic,468
53,topic,468
63,topic,468
66,topic,468
74,topic,468
75,topic,468
88,topic,468
95,topic,468
96,topic,468
12,topic,469
28,topic,469
40,topic,469
41,topic,469
42,topic,469
43,topic,469
45,topic,469
49,topic,469
52,topic,469
74,topic,469
75,topic,469
89,topic,469
5,topic,470
19,topic,470
27,topic,470
33,topic,470
40,topic,470
46,topic,470
58,topic,470
60,topic,470
64,topic,470
73,topic,470
77,topic,470
85,topic,470
98,topic,470
7,topic,471
28,topic,471
37,topic,471
38,topic,471
39,topic,471
44,topic,471
45,topic,471
51,topic,471
54,topic,471
55,topic,471
62,topic,471
71,topic,471
88,topic,471
2,topic,472
5,topic,472
18,topic,472
19,topic,472
44,topic,472
45,topic,472
61,topic,472
67,topic,472
72,topic,472
78,topic,472
84,topic,472
87,topic,472
92,topic,472
99,topic,472
4,topic,473
6,topic,473
8,topic,473
17,topic,473
27,topic,473
35,topic,473
48,topic,473
58,topic,473
83,topic,473
84,topic,473
97,topic,473
4,topic,474
12,topic,474
17,topic,474
22,topic,474
23,topic,474
27,topic,474
41,topic,474
49,topic,474
51,topic,474
70,topic,474
97,topic,474
25,topic,475
43,topic,475
45,topic,475
54,topic,475
56,topic,475
62,topic,475
71,topic,475
78,topic,475
87,topic,475
13,topic,476
21,topic,476
26,topic,476
28,topic,476
33,topic,476
37,topic,476
48,topic,476
65,topic,476
80,topic,476
3,topic,477
21,topic,477
22,topic,477
31,topic,477
35,topic,477
36,topic,477
47,topic,477
56,topic,477
58,topic,477
70,topic,477
3,topic,478
19,topic,478
23,topic,478
31,topic,478
36,topic,478
45,topic,478
50,topic,478
57,topic,478
81,topic,478
88,topic,478
23,topic,479
52,topic,479
78,topic,479
85,topic,479
6,topic,480
10,topic,480
14,topic,480
27,topic,480
38,topic,480
46,topic,480
62,topic,480
65,topic,480
68,topic,480
70,topic,480
77,topic,480
88,topic,480
89,topic,480
91,topic,480
92,topic,480
4,topic,481
20,topic,481
23,topic,481
34,topic,481
51,topic,481
57,topic,481
64,topic,481
65,topic,481
67,topic,481
74,topic,481
78,topic,481
94,topic,481
7,topic,482
18,topic,482
37,topic,482
38,topic,482
53,topic,482
62,topic,482
70,topic,482
71,topic,482
72,topic,482
73,topic,482
89,topic,482
93,topic,482
1,topic,483
10,topic,483
14,topic,483
17,topic,483
22,topic,483
27,topic,483
29,topic,483
37,topic,483
68,topic,483
69,topic,483
78,topic,483
86,topic,483
7,topic,484
8,topic,484
31,topic,484
41,topic,484
61,topic,484
62,topic,484
64,topic,484
77,topic,484
80,topic,484
84,topic,484
88,topic,484
21,topic,485
24,topic,485
27,topic,485
36,topic,485
39,topic,485
45,topic,485
54,topic,485
55,topic,485
56,topic,485
58,topic,485
65,topic,485
81,topic,485
83,topic,485
86,topic,485
90,topic,485
0,topic,486
1,topic,486
3,topic,486
41,topic,486
44,topic,486
50,topic,486
53,topic,486
65,topic,486
70,topic,486
84,topic,486
86,topic,486
90,topic,486
1,topic,487
2,topic,487
4,topic,487
9,topic,487
13,topic,487
25,topic,487
32,topic,487
33,topic,487
40,topic,487
54,topic,487
60,topic,487
66,topic,487
84,topic,487
86,topic,487
12,topic,488
24,topic,488
27,topic,488
47,topic,488
50,topic,488
51,topic,488
64,topic,488
88,topic,488
91,topic,488
14,topic,489
20,topic,489
50,topic,489
56,topic,489
62,topic,489
68,topic,489
81,topic,489
90,topic,489
98,topic,489
4,topic,490
16,topic,490
37,topic,490
38,topic,490
39,topic,490
40,topic,490
50,topic,490
53,topic,490
54,topic,490
55,topic,490
62,topic,490
63,topic,490
70,topic,490
20,topic,491
26,topic,491
31,topic,491
44,topic,491
60,topic,491
68,topic,491
76,topic,491
82,topic,491
98,topic,491
2,topic,492
18,topic,492
25,topic,492
53,topic,492
56,topic,492
66,topic,492
76,topic,492
78,topic,492
88,topic,492
91,topic,492
95,topic,492
13,topic,493
22,topic,493
25,topic,493
50,topic,493
80,topic,493
82,topic,493
85,topic,493
93,topic,493
6,topic,494
19,topic,494
29,topic,494
30,topic,494
54,topic,494
65,topic,494
84,topic,494
88,topic,494
89,topic,494
1,topic,495
3,topic,495
9,topic,495
31,topic,495
37,topic,495
48,topic,495
52,topic,495
56,topic,495
64,topic,495
68,topic,495
70,topic,495
77,topic,495
80,topic,495
94,topic,495
96,topic,495
97,topic,495
7,topic,496
29,topic,496
38,topic,496
43,topic,496
46,topic,496
69,topic,496
16,topic,497
22,topic,497
27,topic,497
37,topic,497
49,topic,497
57,topic,497
89,topic,497
3,topic,498
10,topic,498
16,topic,498
17,topic,498
19,topic,498
45,topic,498
59,topic,498
97,topic,498
0,topic,499
3,topic,499
7,topic,499
15,topic,499
17,topic,499
31,topic,499
36,topic,499
62,topic,499
69,topic,499
75,topic,499
82,topic,499
91,topic,499
16,topic,500
19,topic,500
37,topic,500
39,topic,500
45,topic,500
52,topic,500
62,topic,500
65,topic,500
67,topic,500
78,topic,500
79,topic,500
